{
  "source_rows": 3498,
  "duration_mae_log": 1.3481874349753373,
  "duration_r2_log": 0.45862858239401305,
  "impact_accuracy": 0.59
}