feature,importance
emb_297,0.01529898
event_cause_enc,0.013370115
emb_15,0.013150481
emb_39,0.011658956
emb_255,0.010375148
emb_331,0.009305997
emb_299,0.008947212
emb_168,0.008889098
emb_330,0.00874651
emb_38,0.008629461
emb_300,0.008573707
veh_type_enc,0.008474348
emb_224,0.0083625605
emb_308,0.008181221
emb_195,0.008038787
emb_298,0.007954364
emb_305,0.007786181
emb_28,0.007740696
emb_243,0.0074036065
emb_118,0.007386987
