feature,importance
corridor_risk,0.4806164
corridor_enc,0.24148043
emb_15,0.0319379
longitude,0.021115761
police_station_enc,0.019117516
emb_234,0.014225053
emb_367,0.012520631
emb_244,0.011711623
latitude,0.010402059
emb_205,0.010373896
emb_301,0.006830026
emb_297,0.0053869477
emb_307,0.005037342
emb_293,0.004963868
emb_290,0.00482881
emb_197,0.0047904863
emb_333,0.0045122434
emb_362,0.0042311684
emb_202,0.004194904
emb_39,0.004175314
